{
  "v": "5.9.0",
  "fr": 60,
  "ip": 0,
  "op": 90,
  "w": 200,
  "h": 200,
  "nm": "Error Alert",
  "ddd": 0,
  "assets": [],
  "layers": [
    {
      "ddd": 0,
      "ind": 1,
      "ty": 4,
      "nm": "X Mark",
      "sr": 1,
      "ks": {
        "o": { "a": 1, "k": [
          { "i": { "x": [0.667], "y": [1] }, "o": { "x": [0.167], "y": [0.167] }, "t": 0, "s": [0] },
          { "t": 30, "s": [100] }
        ]},
        "r": { "a": 0, "k": 0 },
        "p": { "a": 0, "k": [100, 100, 0] },
        "a": { "a": 0, "k": [0, 0, 0] },
        "s": { "a": 0, "k": [100, 100, 100] }
      },
      "shapes": [
        {
          "ty": "gr",
          "it": [
            {
              "ty": "sh",
              "ks": {
                "a": 1,
                "k": [
                  { "i": { "x": 0.667, "y": 1 }, "o": { "x": 0.333, "y": 0 }, "t": 10, "s": [{ "i": [[0, 0], [0, 0]], "o": [[0, 0], [0, 0]], "v": [[-20, -20], [0, 0]] }] },
                  { "t": 25, "s": [{ "i": [[0, 0], [0, 0]], "o": [[0, 0], [0, 0]], "v": [[-20, -20], [20, 20]] }] }
                ]
              }
            },
            {
              "ty": "st",
              "c": { "a": 0, "k": [1, 0.2, 0.2, 1] },
              "o": { "a": 0, "k": 100 },
              "w": { "a": 0, "k": 12 },
              "lc": 2,
              "lj": 2
            },
            { "ty": "tr", "p": { "a": 0, "k": [0, 0] }, "a": { "a": 0, "k": [0, 0] }, "s": { "a": 0, "k": [100, 100] }, "r": { "a": 0, "k": 0 }, "o": { "a": 0, "k": 100 } }
          ]
        }
      ]
    },
    {
      "ddd": 0,
      "ind": 2,
      "ty": 4,
      "nm": "X Mark 2",
      "sr": 1,
      "ks": {
        "o": { "a": 1, "k": [
          { "i": { "x": [0.667], "y": [1] }, "o": { "x": [0.167], "y": [0.167] }, "t": 15, "s": [0] },
          { "t": 45, "s": [100] }
        ]},
        "r": { "a": 0, "k": 0 },
        "p": { "a": 0, "k": [100, 100, 0] },
        "a": { "a": 0, "k": [0, 0, 0] },
        "s": { "a": 0, "k": [100, 100, 100] }
      },
      "shapes": [
        {
          "ty": "gr",
          "it": [
            {
              "ty": "sh",
              "ks": {
                "a": 1,
                "k": [
                  { "i": { "x": 0.667, "y": 1 }, "o": { "x": 0.333, "y": 0 }, "t": 20, "s": [{ "i": [[0, 0], [0, 0]], "o": [[0, 0], [0, 0]], "v": [[20, -20], [0, 0]] }] },
                  { "t": 35, "s": [{ "i": [[0, 0], [0, 0]], "o": [[0, 0], [0, 0]], "v": [[20, -20], [-20, 20]] }] }
                ]
              }
            },
            {
              "ty": "st",
              "c": { "a": 0, "k": [1, 0.2, 0.2, 1] },
              "o": { "a": 0, "k": 100 },
              "w": { "a": 0, "k": 12 },
              "lc": 2,
              "lj": 2
            },
            { "ty": "tr", "p": { "a": 0, "k": [0, 0] }, "a": { "a": 0, "k": [0, 0] }, "s": { "a": 0, "k": [100, 100] }, "r": { "a": 0, "k": 0 }, "o": { "a": 0, "k": 100 } }
          ]
        }
      ]
    }
  ]
}