{
  "v": "5.9.0",
  "fr": 60,
  "ip": 0,
  "op": 180,
  "w": 200,
  "h": 200,
  "nm": "Circuit Loading",
  "ddd": 0,
  "assets": [],
  "layers": [
    {
      "ddd": 0,
      "ind": 1,
      "ty": 4,
      "nm": "Outer Ring",
      "sr": 1,
      "ks": {
        "o": { "a": 0, "k": 100 },
        "r": { "a": 1, "k": [
          { "i": { "x": [0.667], "y": [1] }, "o": { "x": [0.333], "y": [0] }, "t": 0, "s": [0] },
          { "t": 180, "s": [720] }
        ]},
        "p": { "a": 0, "k": [100, 100, 0] },
        "a": { "a": 0, "k": [0, 0, 0] },
        "s": { "a": 0, "k": [100, 100, 100] }
      },
      "shapes": [
        {
          "ty": "gr",
          "it": [
            {
              "ty": "el",
              "p": { "a": 0, "k": [0, 0] },
              "s": { "a": 0, "k": [80, 80] }
            },
            {
              "ty": "st",
              "c": { "a": 0, "k": [0.9686, 0.5804, 0.1137, 1] },
              "o": { "a": 0, "k": 100 },
              "w": { "a": 0, "k": 6 },
              "lc": 1,
              "lj": 1,
              "d": [
                { "n": "g", "v": { "a": 0, "k": 0 } },
                { "n": "g", "v": { "a": 0, "k": 5 } }
              ]
            },
            { "ty": "tr", "p": { "a": 0, "k": [0, 0] }, "a": { "a": 0, "k": [0, 0] }, "s": { "a": 0, "k": [100, 100] }, "r": { "a": 0, "k": 0 }, "o": { "a": 0, "k": 100 } }
          ]
        }
      ]
    },
    {
      "ddd": 0,
      "ind": 2,
      "ty": 4,
      "nm": "Inner Dots",
      "sr": 1,
      "ks": {
        "o": { "a": 0, "k": 100 },
        "r": { "a": 0, "k": 0 },
        "p": { "a": 0, "k": [100, 100, 0] },
        "a": { "a": 0, "k": [0, 0, 0] },
        "s": { "a": 0, "k": [100, 100, 100] }
      },
      "shapes": [
        {
          "ty": "gr",
          "it": [
            {
              "ty": "fl",
              "c": { "a": 1, "k": [
                { "i": { "x": [0.32, 0.32, 0.32], "y": [1, 1, 1] }, "o": { "x": [0.68, 0.68, 0.68], "y": [0, 0, 0] }, "t": 0, "s": [0.9686, 0.5804, 0.1137, 1] },
                { "t": 60, "s": [0.9686, 0.5804, 0.1137, 0.3] },
                { "t": 120, "s": [0.9686, 0.5804, 0.1137, 1] }
              ]}
            },
            {
              "ty": "el",
              "p": { "a": 0, "k": [0, -20] },
              "s": { "a": 0, "k": [8, 8] }
            },
            { "ty": "tr", "p": { "a": 0, "k": [0, 0] }, "a": { "a": 0, "k": [0, 0] }, "s": { "a": 0, "k": [100, 100] }, "r": { "a": 0, "k": 0 }, "o": { "a": 0, "k": 100 } }
          ]
        }
      ]
    }
  ],
  "markers": []
}