{
  "v": "5.9.0",
  "fr": 30,
  "ip": 0,
  "op": 90,
  "w": 200,
  "h": 200,
  "nm": "Voice Recording",
  "ddd": 0,
  "assets": [],
  "layers": [
    {
      "ddd": 0,
      "ind": 1,
      "ty": 4,
      "nm": "Mic Icon",
      "sr": 1,
      "ks": {
        "o": { "a": 0, "k": 100 },
        "r": { "a": 0, "k": 0 },
        "p": { "a": 0, "k": [100, 100, 0] },
        "a": { "a": 0, "k": [0, 0, 0] },
        "s": { "a": 0, "k": [100, 100, 100] }
      },
      "shapes": [
        {
          "ty": "gr",
          "it": [
            {
              "ty": "rc",
              "p": { "a": 0, "k": [0, -20] },
              "s": { "a": 0, "k": [30, 40] },
              "r": { "a": 0, "k": 10 }
            },
            {
              "ty": "fl",
              "c": { "a": 0, "k": [1, 0.2, 0.2, 1] }
            },
            {
              "ty": "rc",
              "p": { "a": 0, "k": [0, 30] },
              "s": { "a": 0, "k": [10, 20] },
              "r": { "a": 0, "k": 5 }
            },
            {
              "ty": "fl",
              "c": { "a": 0, "k": [1, 0.2, 0.2, 1] }
            },
            { "ty": "tr", "p": { "a": 0, "k": [0, 0] }, "a": { "a": 0, "k": [0, 0] }, "s": { "a": 0, "k": [100, 100] }, "r": { "a": 0, "k": 0 }, "o": { "a": 0, "k": 100 } }
          ]
        }
      ]
    },
    {
      "ddd": 0,
      "ind": 2,
      "ty": 4,
      "nm": "Sound Waves",
      "sr": 1,
      "ks": {
        "o": { "a": 0, "k": 100 },
        "r": { "a": 0, "k": 0 },
        "p": { "a": 0, "k": [100, 100, 0] },
        "a": { "a": 0, "k": [0, 0, 0] },
        "s": { "a": 0, "k": [100, 100, 100] }
      },
      "shapes": [
        {
          "ty": "gr",
          "it": [
            {
              "ty": "rc",
              "p": { "a": 1, "k": [
                { "i": { "x": [0.667], "y": [1] }, "o": { "x": [0.333], "y": [0] }, "t": 0, "s": [60, 100, 0] },
                { "t": 15, "s": [80, 100, 0] },
                { "t": 30, "s": [60, 100, 0] }
              ]},
              "s": { "a": 1, "k": [
                { "i": { "x": [0.667, 0.667], "y": [1, 1] }, "o": { "x": [0.333, 0.333], "y": [0, 0] }, "t": 0, "s": [5, 20] },
                { "t": 15, "s": [15, 40] },
                { "t": 30, "s": [5, 20] }
              ]},
              "r": { "a": 0, "k": 5 }
            },
            {
              "ty": "fl",
              "c": { "a": 0, "k": [1, 0.2, 0.2, 0.5] }
            },
            { "ty": "tr", "p": { "a": 0, "k": [0, 0] }, "a": { "a": 0, "k": [0, 0] }, "s": { "a": 0, "k": [100, 100] }, "r": { "a": 0, "k": 0 }, "o": { "a": 0, "k": 100 } }
          ]
        }
      ]
    }
  ]
}