{
  "v": "5.9.0",
  "fr": 60,
  "ip": 0,
  "op": 60,
  "w": 200,
  "h": 200,
  "nm": "Send Message",
  "ddd": 0,
  "assets": [],
  "layers": [
    {
      "ddd": 0,
      "ind": 1,
      "ty": 4,
      "nm": "Paper Plane",
      "sr": 1,
      "ks": {
        "o": { "a": 0, "k": 100 },
        "r": { "a": 1, "k": [
          { "i": { "x": [0.667], "y": [1] }, "o": { "x": [0.167], "y": [0.167] }, "t": 0, "s": [-30] },
          { "t": 30, "s": [0] }
        ]},
        "p": { "a": 1, "k": [
          { "i": { "x": 0.667, "y": 0.667 }, "o": { "x": 0.333, "y": 0.333 }, "t": 0, "s": [50, 100, 0] },
          { "t": 60, "s": [150, 100, 0] }
        ]},
        "a": { "a": 0, "k": [0, 0, 0] },
        "s": { "a": 0, "k": [100, 100, 100] }
      },
      "shapes": [
        {
          "ty": "gr",
          "it": [
            {
              "ty": "sh",
              "ks": { "a": 0, "k": { "i": [[0, 0], [25, -15], [0, 0]], "o": [[-25, -15], [0, 0], [0, 0]], "v": [[0, -25], [40, 0], [0, 25]] } }
            },
            {
              "ty": "fl",
              "c": { "a": 0, "k": [0.9686, 0.5804, 0.1137, 1] }
            },
            { "ty": "tr", "p": { "a": 0, "k": [0, 0] }, "a": { "a": 0, "k": [0, 0] }, "s": { "a": 0, "k": [100, 100] }, "r": { "a": 0, "k": 0 }, "o": { "a": 0, "k": 100 } }
          ]
        }
      ]
    },
    {
      "ddd": 0,
      "ind": 2,
      "ty": 4,
      "nm": "Trail Dots",
      "sr": 1,
      "ks": {
        "o": { "a": 1, "k": [
          { "i": { "x": [0.833], "y": [0.833] }, "o": { "x": [0.167], "y": [0.167] }, "t": 0, "s": [100] },
          { "t": 60, "s": [0] }
        ]},
        "r": { "a": 0, "k": 0 },
        "p": { "a": 0, "k": [100, 100, 0] },
        "a": { "a": 0, "k": [0, 0, 0] },
        "s": { "a": 0, "k": [100, 100, 100] }
      },
      "shapes": [
        {
          "ty": "gr",
          "it": [
            {
              "ty": "el",
              "p": { "a": 0, "k": [-30, 0] },
              "s": { "a": 0, "k": [3, 3] }
            },
            {
              "ty": "fl",
              "c": { "a": 0, "k": [0.9686, 0.5804, 0.1137, 0.7] }
            },
            { "ty": "tr", "p": { "a": 0, "k": [0, 0] }, "a": { "a": 0, "k": [0, 0] }, "s": { "a": 0, "k": [100, 100] }, "r": { "a": 0, "k": 0 }, "o": { "a": 0, "k": 100 } }
          ]
        }
      ]
    }
  ]
}