{
  "v": "5.9.0",
  "fr": 60,
  "ip": 0,
  "op": 60,
  "w": 200,
  "h": 200,
  "nm": "Success Check",
  "ddd": 0,
  "assets": [],
  "layers": [
    {
      "ddd": 0,
      "ind": 1,
      "ty": 4,
      "nm": "Circle Background",
      "sr": 1,
      "ks": {
        "o": { "a": 0, "k": 100 },
        "r": { "a": 0, "k": 0 },
        "p": { "a": 0, "k": [100, 100, 0] },
        "a": { "a": 0, "k": [0, 0, 0] },
        "s": { "a": 1, "k": [
          { "i": { "x": [0.667, 0.667, 0.667], "y": [1, 1, 1] }, "o": { "x": [0.333, 0.333, 0.333], "y": [0, 0, 0] }, "t": 0, "s": [0, 0, 100] },
          { "t": 20, "s": [100, 100, 100] }
        ]}
      },
      "shapes": [
        {
          "ty": "gr",
          "it": [
            {
              "ty": "el",
              "p": { "a": 0, "k": [0, 0] },
              "s": { "a": 0, "k": [80, 80] }
            },
            {
              "ty": "fl",
              "c": { "a": 0, "k": [0.9686, 0.5804, 0.1137, 1] }
            },
            { "ty": "tr", "p": { "a": 0, "k": [0, 0] }, "a": { "a": 0, "k": [0, 0] }, "s": { "a": 0, "k": [100, 100] }, "r": { "a": 0, "k": 0 }, "o": { "a": 0, "k": 100 } }
          ]
        }
      ]
    },
    {
      "ddd": 0,
      "ind": 2,
      "ty": 4,
      "nm": "Check Mark",
      "sr": 1,
      "ks": {
        "o": { "a": 1, "k": [
          { "i": { "x": [0.667], "y": [1] }, "o": { "x": [0.167], "y": [0.167] }, "t": 25, "s": [0] },
          { "t": 40, "s": [100] }
        ]},
        "r": { "a": 0, "k": 0 },
        "p": { "a": 0, "k": [100, 100, 0] },
        "a": { "a": 0, "k": [0, 0, 0] },
        "s": { "a": 0, "k": [100, 100, 100] }
      },
      "shapes": [
        {
          "ty": "gr",
          "it": [
            {
              "ty": "sh",
              "ks": {
                "a": 1,
                "k": [
                  { "i": { "x": 0.667, "y": 1 }, "o": { "x": 0.333, "y": 0 }, "t": 30, "s": [{ "i": [[0, 0], [0, 0]], "o": [[0, 0], [0, 0]], "v": [[-25, 5], [-5, -15]] }] },
                  { "t": 45, "s": [{ "i": [[0, 0], [0, 0]], "o": [[0, 0], [0, 0]], "v": [[-25, 5], [15, -25]] }] }
                ]
              }
            },
            {
              "ty": "st",
              "c": { "a": 0, "k": [1, 1, 1, 1] },
              "o": { "a": 0, "k": 100 },
              "w": { "a": 0, "k": 10 },
              "lc": 2,
              "lj": 2
            },
            { "ty": "tr", "p": { "a": 0, "k": [0, 0] }, "a": { "a": 0, "k": [0, 0] }, "s": { "a": 0, "k": [100, 100] }, "r": { "a": 0, "k": 0 }, "o": { "a": 0, "k": 100 } }
          ]
        }
      ]
    }
  ]
}