{
  "v": "5.9.0",
  "fr": 30,
  "ip": 0,
  "op": 90,
  "w": 120,
  "h": 40,
  "nm": "Typing Indicator",
  "ddd": 0,
  "assets": [],
  "layers": [
    {
      "ddd": 0,
      "ind": 1,
      "ty": 4,
      "nm": "Dot 1",
      "sr": 1,
      "ks": {
        "o": { "a": 1, "k": [
          { "i": { "x": [0.833], "y": [0.833] }, "o": { "x": [0.167], "y": [0.167] }, "t": 0, "s": [30] },
          { "t": 15, "s": [100] },
          { "t": 30, "s": [30] }
        ]},
        "r": { "a": 0, "k": 0 },
        "p": { "a": 0, "k": [20, 20, 0] },
        "a": { "a": 0, "k": [0, 0, 0] },
        "s": { "a": 0, "k": [100, 100, 100] }
      },
      "shapes": [
        {
          "ty": "gr",
          "it": [
            {
              "ty": "el",
              "p": { "a": 0, "k": [0, 0] },
              "s": { "a": 0, "k": [8, 8] }
            },
            {
              "ty": "fl",
              "c": { "a": 0, "k": [0.9686, 0.5804, 0.1137, 1] }
            },
            { "ty": "tr", "p": { "a": 0, "k": [0, 0] }, "a": { "a": 0, "k": [0, 0] }, "s": { "a": 0, "k": [100, 100] }, "r": { "a": 0, "k": 0 }, "o": { "a": 0, "k": 100 } }
          ]
        }
      ]
    },
    {
      "ddd": 0,
      "ind": 2,
      "ty": 4,
      "nm": "Dot 2",
      "sr": 1,
      "ks": {
        "o": { "a": 1, "k": [
          { "i": { "x": [0.833], "y": [0.833] }, "o": { "x": [0.167], "y": [0.167] }, "t": 10, "s": [30] },
          { "t": 25, "s": [100] },
          { "t": 40, "s": [30] }
        ]},
        "r": { "a": 0, "k": 0 },
        "p": { "a": 0, "k": [60, 20, 0] },
        "a": { "a": 0, "k": [0, 0, 0] },
        "s": { "a": 0, "k": [100, 100, 100] }
      },
      "shapes": [
        {
          "ty": "gr",
          "it": [
            {
              "ty": "el",
              "p": { "a": 0, "k": [0, 0] },
              "s": { "a": 0, "k": [8, 8] }
            },
            {
              "ty": "fl",
              "c": { "a": 0, "k": [0.9686, 0.5804, 0.1137, 1] }
            },
            { "ty": "tr", "p": { "a": 0, "k": [0, 0] }, "a": { "a": 0, "k": [0, 0] }, "s": { "a": 0, "k": [100, 100] }, "r": { "a": 0, "k": 0 }, "o": { "a": 0, "k": 100 } }
          ]
        }
      ]
    },
    {
      "ddd": 0,
      "ind": 3,
      "ty": 4,
      "nm": "Dot 3",
      "sr": 1,
      "ks": {
        "o": { "a": 1, "k": [
          { "i": { "x": [0.833], "y": [0.833] }, "o": { "x": [0.167], "y": [0.167] }, "t": 20, "s": [30] },
          { "t": 35, "s": [100] },
          { "t": 50, "s": [30] }
        ]},
        "r": { "a": 0, "k": 0 },
        "p": { "a": 0, "k": [100, 20, 0] },
        "a": { "a": 0, "k": [0, 0, 0] },
        "s": { "a": 0, "k": [100, 100, 100] }
      },
      "shapes": [
        {
          "ty": "gr",
          "it": [
            {
              "ty": "el",
              "p": { "a": 0, "k": [0, 0] },
              "s": { "a": 0, "k": [8, 8] }
            },
            {
              "ty": "fl",
              "c": { "a": 0, "k": [0.9686, 0.5804, 0.1137, 1] }
            },
            { "ty": "tr", "p": { "a": 0, "k": [0, 0] }, "a": { "a": 0, "k": [0, 0] }, "s": { "a": 0, "k": [100, 100] }, "r": { "a": 0, "k": 0 }, "o": { "a": 0, "k": 100 } }
          ]
        }
      ]
    }
  ]
}